city,orders,revenue,restaurants,aov,pct_revenue
Tirupati,243,42503460.0,243,175634.13223140495,4.40796417115903
"Electronic City,Bangalore",1039,28599623.0,1039,27847.73417721519,2.966020025020451
"Baner,Pune",814,26784833.0,814,33149.54579207921,2.7778111286581857
Raipur,482,22756624.0,482,47508.609603340294,2.3600521757178754
"Malviya Nagar,Delhi",901,16508442.0,901,18342.713333333333,1.7120634616018773
Sultanpur,265,15056504.0,265,57032.21212121212,1.5614853514258045
"Vastrapur,Ahmedabad",596,13091765.0,596,22114.467905405407,1.3577254900479585
"Indirapuram,Delhi",1279,13027458.0,1279,10856.215,1.351056316480566
"Navrangpura,Ahmedabad",433,12396403.0,433,28828.84418604651,1.2856106367634144
"Rohini,Delhi",1136,12189017.0,1136,10961.346223021583,1.2641029746201446
Bikaner,1666,11355334.0,1666,6886.194057004245,1.177643077141107
Tirupur,237,10930719.0,237,46121.17721518988,1.1336069514577698
"Bopal,Ahmedabad",398,10830446.0,398,27418.85063291139,1.1232078029805723
"Ghatlodia,Ahmedabad",301,10564418.0,301,35933.39455782313,1.0956184751346723
"Hinjewadi,Pune",492,10505601.0,492,21483.84662576687,1.0895186604688767
Sirsa,132,10306212.0,132,80517.28125,1.0688403540880966
Sonipat,117,10055161.0,117,85941.54700854702,1.0428042663640937
"BTM,Bangalore",1161,8986541.0,1161,7995.143238434163,0.9319794376893468
"GOTA,Ahmedabad",243,8933109.0,243,36761.765432098764,0.9264380925472485
"Viman Nagar,Pune",1001,8801875.0,1001,8793.081918081918,0.9128280295067834
Ranchi,414,8533995.0,414,21123.75,0.8850466337764104
"Chandkheda,Ahmedabad",383,8296678.0,383,22183.631016042782,0.8604348766816481
"Rajouri Garden,Delhi",710,8261529.0,710,11635.956338028169,0.8567896315027363
Agra,455,8118481.0,455,17842.815384615384,0.8419543578860482
"NSP,Delhi",451,7982889.0,451,17739.753333333334,0.827892333808578
"Connaught Place,Delhi",258,7958916.0,258,31583.0,0.8254061332716053
Rajahmundry,138,7716956.0,138,55919.97101449275,0.800312858256968
Trichy,261,7590824.0,261,29308.200772200773,0.7872319152740523
Bareilly,344,7395197.0,344,22075.214925373133,0.7669437597471535
Solapur,182,7176317.0,182,39648.160220994476,0.7442440737031635
Rohtak,276,6910034.0,276,25783.70895522388,0.7166283002252221
"Old Gurgaon (Zone 6),Gurgaon",612,6894362.0,612,11302.232786885246,0.7150029827924671
Sri-ganganagar,92,6826475.0,92,74200.81521739131,0.7079625332928858
"Kammanahalli/Kalyan Nagar,Bangalore",677,6463715.0,677,9990.285935085009,0.6703412882759001
Sitapur,58,6190980.0,58,106741.03448275862,0.6420563884531314
Varanasi,646,6137966.0,646,9666.088188976379,0.6365583934059088
"PCMC,Pune",495,5966684.0,495,12053.907070707071,0.6187950179262547
Allahabad,475,5849241.0,475,12498.378205128205,0.606615196891604
"Dilshad Gardens,Delhi",676,5668253.0,676,8997.226984126984,0.5878452280606022
"Chattarpur,Delhi",636,5381949.0,636,8765.389250814333,0.5581531094881492
Siliguri,258,5380201.0,258,21520.804,0.5579718272732146
"Gandhinagar,Ahmedabad",389,5345196.0,389,13883.625974025974,0.5543415160982792
"Adajan,Surat",427,5342441.0,427,12967.089805825242,0.5540557995638713
"Piplod,Surat",490,5307186.0,490,11244.03813559322,0.5503995612986992
"Dwarka Nagar,Vizag",486,5222256.0,486,11064.101694915254,0.5415916102035051
"Athwa,Surat",411,5217311.0,411,13275.600508905853,0.5410787723586242
Gwalior,300,5193113.0,300,17310.376666666667,0.5385692374404386
"Maninagar,Ahmedabad",373,4955068.0,373,13320.075268817205,0.5138819806589071
Udaipur,547,4908969.0,547,9262.205660377358,0.5091011289276303
Tirunelveli,121,4850868.0,121,40089.818181818184,0.5030755694482723
Siwan,44,4829491.0,44,114987.88095238095,0.500858595816317
"Indiranagar,Bangalore",1080,4807006.0,1080,4471.633488372093,0.49852671332043286
"Dwarka,Delhi",722,4564022.0,722,6392.187675070028,0.47332724094418616
"Governorpet,Vijayawada",575,4471543.0,575,7984.898214285714,0.4637363954322063
Gorakhpur,374,4151221.0,374,11129.278820375335,0.4305163258370721
Raichur,51,4090429.0,51,80204.49019607843,0.4242116871584069
Salem,228,4020789.0,228,18276.313636363637,0.41698943690208623
Sivakasi,77,4002110.0,77,51975.454545454544,0.41505226842796483
"South Campus,Delhi",329,3919563.0,329,12134.869969040248,0.40649145435690653
Rae-bareli,72,3917259.0,72,55172.66197183099,0.4062525102932856
"Ganeshguri,Guwahati",427,3915363.0,427,9190.992957746479,0.40605587924093084
"Kothapet & Dilsukhnagar,Hyderabad",702,3879604.0,702,5574.14367816092,0.40234737196184167
"Whitefield,Bangalore",730,3870054.0,730,5666.2576866764275,0.4013569571148017
"Benz Circle and Auto Nagar,Vijayawada",554,3803077.0,554,7042.735185185185,0.3944108822236818
"Mayur Vihar,Delhi",675,3721796.0,675,5571.550898203593,0.3859813629375819
Tiruvannamalai,81,3602174.0,81,44471.28395061728,0.37357556138442866
Rajapalayam,65,3594896.0,65,55306.092307692306,0.37282077193345936
Sivasagar,70,3570004.0,70,51000.05714285714,0.3702392634127768
"Narhe,Pune",309,3537766.0,309,11449.080906148867,0.3668959132725806
Rishikesh,100,3464240.0,100,37654.782608695656,0.35927065232562144
Tumakuru,104,3431586.0,104,32996.019230769234,0.3558841595072715
Faridabad,634,3418017.0,634,5530.771844660194,0.3544769407575871
"Kadubeesanahalli,Bangalore",596,3272536.0,596,5537.285956006768,0.339389344698716
Deoghar,94,3272335.0,94,34812.074468085106,0.33936849931816576
Solan,91,3259548.0,91,36624.13483146067,0.3380423805067417
"Akota,Vadodara",353,3171971.0,353,9412.376854599406,0.328959913380122
"Paltan Bazaar,Guwahati",360,3145889.0,360,8738.580555555556,0.326254991909913
Srikakulam,60,3125295.0,60,52088.25,0.32411922192457887
"Arekere,Bangalore",677,3087271.0,677,4580.520771513353,0.3201758152079457
"Miyapur,Hyderabad",461,3083405.0,461,6929.0,0.31977487868452614
Dhar,88,2961148.0,88,33649.40909090909,0.30709580560027866
Sagar,116,2928358.0,116,27367.831775700935,0.30369520844483994
Ramanathapuram,47,2926183.0,47,62259.21276595745,0.30346964275978106
Agartala,165,2879205.0,165,17663.83435582822,0.29859763137923206
"Lajpat Nagar,Delhi",449,2864392.0,449,6723.924882629108,0.2970613994285302
Roorkee,99,2861348.0,99,29805.708333333332,0.2967457111778088
"Uttam Nagar,Delhi",528,2860267.0,528,5458.524809160305,0.29663360243962555
Rewari,99,2849331.0,99,32014.955056179777,0.2954994478043136
Gondal,454,2789203.0,454,6198.228888888889,0.2892636714773169
"Koramangala,Bangalore",954,2779971.0,954,2926.285263157895,0.28830623588905796
"Kharadi,Pune",543,2759674.0,543,5348.205426356589,0.286201267286925
"GTB Nagar,Delhi",684,2720433.0,684,4036.2507418397627,0.2821316474950198
Thiruvananthapuram,279,2688356.0,279,9920.132841328414,0.278804994400936
Rudrapur,99,2659136.0,99,28903.652173913044,0.27577463609407654
Sirsi,18,2615212.0,18,153836.0,0.27121935004785847
Erode,209,2599608.0,209,12743.176470588236,0.26960108478364786
"Nagavara & Hennur,Bangalore",279,2583936.0,279,9750.701886792453,0.26797576735089285
"Marathahalli,Bangalore",592,2579796.0,592,4447.924137931034,0.267546414736574
"Jasola,Delhi",403,2558579.0,403,6461.05808080808,0.2653460344423701
"Kothrud,Pune",1089,2550677.0,1089,2353.0230627306273,0.26452653097417017
"Magarpatta,Pune",714,2418034.0,714,3484.198847262248,0.2507703428531314
"Manikonda,Hyderabad",564,2410558.0,564,4281.6305506216695,0.24999501914669464
Adityapur,447,2406270.0,355,5431.76072234763,0.24955031769495564
"Shivaji Nagar,Pune",415,2392564.0,415,5951.651741293533,0.24812889089982165
Ratnagiri,91,2391344.0,91,28468.380952380954,0.24800236669946682
Raigarh,40,2362255.0,40,59056.375,0.2449855941878914
Sangli,130,2297044.0,130,18376.352,0.2382226682622032
Haldwani,163,2263112.0,163,13884.122699386504,0.23470363615856346
"sohna road,Gurgaon",976,2253891.0,976,2309.314549180328,0.23374734136227493
Sambalpur,96,2253424.0,96,26202.60465116279,0.23369890955771286
"Vadiwadi,Vadodara",276,2239185.0,276,8262.675276752767,0.23222220620619435
Gaya,105,2237908.0,105,21518.346153846152,0.23208977062926556
"Lingampally & Nalagandla,Hyderabad",402,2181008.0,402,5438.9226932668325,0.22618876489140446
Raiganj,31,2151403.0,31,69400.09677419355,0.22311847886558062
"Aundh,Pune",281,2149333.0,281,7648.871886120996,0.22290380255842118
Saharanpur,117,2130302.0,117,18686.859649122805,0.2209301287412466
"CV Raman Nagar,Bangalore",285,2124635.0,285,7454.859649122807,0.22034241345976224
Ramagundam,42,2107416.0,42,50176.57142857143,0.21855665919262288
Rampur,62,2077474.0,62,33507.645161290326,0.21545142344916002
"Sanjay Nagar, New BEL Road,Bangalore",527,2077292.0,527,4049.302144249513,0.21543254852746774
Aligarh,213,2046265.0,213,9933.325242718447,0.21221478921237785
"Kumaraswamy Layout & Uttarahalli,Bangalore",190,2040091.0,190,11087.451086956522,0.21157449379189358
"Mogappair,Chennai",414,2001567.0,414,4834.702898550725,0.20757923289478708
Rajkot,54,1994384.0,54,36933.03703703704,0.20683429573810772
Dewas,56,1992121.0,56,36220.38181818182,0.20659960371728556
"Hathibarkala,Dehradun",409,1982577.0,409,4944.082294264339,0.2056098111204113
"NIT_FBD,Gurgaon",204,1970069.0,204,9850.345,0.20431262694169133
Durgapur,135,1963175.0,135,14542.037037037036,0.20359766150132552
Aurangabad,430,1961444.0,430,4615.162352941176,0.20341814232852698
"Medavakkam,Chennai",392,1952098.0,392,4992.57800511509,0.20244888398712013
"Kondapur,Hyderabad",326,1949392.0,326,6035.269349845201,0.20216824916239864
Ropar,64,1945566.0,64,30882.0,0.20177146097341697
"Gachibowli,Hyderabad",428,1938059.0,428,4603.4655581947745,0.20099292230779092
"Rajarajeshwari Nagar,Bangalore",503,1933394.0,503,3874.5370741482966,0.20050912280397507
Shahjahanpur,99,1893819.0,99,19934.936842105264,0.1964048644195137
Shillong,97,1891029.0,97,20780.53846153846,0.1961155180924727
Ratlam,95,1882057.0,95,21387.011363636364,0.1951850466780599
"Sector 15_FBD,Gurgaon",378,1874192.0,378,4971.331564986737,0.19436938041921495
Satna,99,1866710.0,99,19858.617021276597,0.19359343446261254
Satara,93,1852419.0,93,20356.252747252747,0.1921113382763248
Rourkela,98,1846618.0,98,19644.872340425532,0.1915097260744736
"HSR,Bangalore",898,1816707.0,898,2048.1476888387824,0.1884077052902001
Bhilai,196,1799470.0,196,9180.969387755102,0.18662008427256369
Thrissur,209,1762240.0,209,8900.20202020202,0.18275902199452207
"Chukkuwala,Dehradun",364,1748524.0,364,4981.549857549858,0.18133655811577862
"Madipakkam,Chennai",398,1727055.0,398,4350.264483627204,0.17911004331461625
"Banjara Hills,Hyderabad",702,1721594.0,702,2459.42,0.17854369195548692
Dharmapuri,82,1716613.0,82,20934.30487804878,0.17802712060961193
Amritsar,441,1678426.0,441,3867.3410138248846,0.17406680943014444
Guntur,260,1642197.0,260,6365.104651162791,0.17030955922141036
"Banashankari,Bangalore",360,1608696.0,360,4481.047353760446,0.16683522542133858
Rewa,111,1578095.0,111,15624.70297029703,0.1636616458680119
Vellore,197,1567727.0,197,8122.937823834197,0.16258639758171767
Bhubaneswar,462,1556229.0,462,3383.1065217391306,0.16139395884755375
"Tambaram,Chennai",370,1556226.0,370,4383.735211267605,0.1613936477224709
Sangrur,78,1554805.0,78,20192.272727272728,0.16124627814156578
Bhopal,534,1551092.0,534,2921.077212806026,0.1608612089973711
"Yelahanka,Bangalore",507,1542945.0,507,3092.074148296593,0.16001629698073921
Shivamogga,99,1534836.0,99,16866.32967032967,0.1591753258818233
Thanjavur,160,1513773.0,160,9829.694805194806,0.15699091667520523
Rajnandgaon,37,1482193.0,37,40059.27027027027,0.15371580663651185
"Kirti Nagar,Delhi",380,1475230.0,380,4041.72602739726,0.15299368531924074
"Geddalahalli,Bangalore",323,1458905.0,323,4530.760869565217,0.15130064632678764
"Perambur,Chennai",491,1445594.0,491,3005.3929313929316,0.14992018433422755
"Greater Mohali,Chandigarh",480,1438133.0,480,3014.9538784067086,0.14914641625320502
"Ambattur,Chennai",300,1426298.0,300,4770.227424749164,0.14791902780140212
Sikar,111,1422376.0,111,13418.641509433963,0.1475122836097696
"T Nagar,Chennai",375,1410041.0,375,3760.1093333333333,0.14623304097749337
"MVP Colony,Vizag",222,1406464.0,222,6364.090497737557,0.1458620761703874
"Annanagar,Chennai",548,1405893.0,548,2574.8956043956046,0.1458028586962869
"Vadapalani,Chennai",429,1394196.0,429,3249.874125874126,0.14458978199829461
"Vanasthalipuram,Hyderabad",404,1367340.0,404,3506.0,0.14180459025671294
Habra,82,1364426.0,82,16639.341463414636,0.14150238409291457
"JP Nagar,Bangalore",470,1361317.0,470,2902.594882729211,0.14117995479873163
"Kalyani Nagar,Pune",206,1360409.0,206,6668.671568627451,0.1410857876069921
Gondia,92,1344284.0,92,14772.351648351649,0.13941349028672834
Alappuzha,94,1341682.0,94,14273.212765957447,0.1391436411315453
"Zirakpur,Chandigarh",609,1301474.0,609,2144.1087314662273,0.13497373535460472
Eluru,93,1244198.0,93,13378.47311827957,0.12903373527302772
Barnala,74,1237349.0,74,16949.986301369863,0.12832343670890453
"Basaveshwaranagar,Bangalore",253,1225252.0,253,4980.69918699187,0.1270688766665336
"Central Bangalore,Bangalore",532,1201160.0,532,2314.373795761079,0.1245703348346083
Ajmer,217,1191228.0,217,5489.529953917051,0.12354030339368675
"Velachery,Chennai",428,1191027.0,428,2835.7785714285715,0.12351945801313649
Thoothukudi,118,1183497.0,118,10662.135135135135,0.12273853405520865
"Porur,Chennai",496,1165491.0,496,2373.7087576374747,0.12087116130800432
"Begumpet,Hyderabad",274,1155772.0,274,4249.161764705882,0.11986321974796439
Purulia,50,1153013.0,50,23060.26,0.11957708838011274
Bhagalpur,134,1138531.0,134,8496.5,0.1180751838968842
"Adyar,Chennai",421,1131741.0,421,2707.5143540669856,0.11737100412605685
Ramanagara,14,1128548.0,14,80610.57142857143,0.11703986332955438
"Laxmi Nagar,Delhi",933,1119265.0,933,1202.218045112782,0.11607713861488717
"Greater Kailash 2,Delhi",1038,1105453.0,1038,1067.0395752895754,0.11464471873349284
"N A D,Vizag",177,1104935.0,177,6424.040697674419,0.1145909978025225
Bhilwara,91,1102800.0,91,12253.333333333334,0.11436958045190153
Central-goa,404,1097016.0,404,2735.700748129676,0.11376973129218644
Ujjain,112,1087194.0,112,10066.611111111111,0.11275110777096901
"Mahadevpura,Bangalore",364,1079271.0,364,3014.723463687151,0.11192942642718917
Dumka,49,1075724.0,49,21953.551020408162,0.1115615728709116
"Jubilee Hills,Hyderabad",293,1062397.0,293,3650.848797250859,0.11017945154457638
"Gajuwaka,Vizag",190,1058051.0,190,5627.93085106383,0.10972873500790249
Silchar,67,1049176.0,67,16141.16923076923,0.10880832330450149
Belgaum,191,1048218.0,191,5546.126984126984,0.10870897069471465
"Hopes,Coimbatore",259,1047442.0,259,4044.1776061776063,0.1086284930066201
"Frazer Town,Bangalore",212,1047204.0,212,5034.634615384615,0.10860381041671481
"Vashi,Mumbai",1022,1042015.0,1022,1020.5827619980412,0.10806566773176295
"Vijay Nagar,Indore",588,1027346.0,588,1753.1501706484642,0.10654436978503738
Dharamshala,38,1026481.0,38,27012.657894736843,0.10645466205281859
"Karappakam,Chennai",255,1015940.0,255,3999.763779527559,0.10536147222008056
"Chrompet,Chennai",387,1013915.0,387,2619.9354005167957,0.10515146278916371
Bhiwadi,96,1004235.0,96,10460.78125,0.1041475658552007
"Paldi & Ambawadi,Ahmedabad",176,1002241.0,176,5826.982558139535,0.1039407713834732
Abohar,67,981300.0,61,14868.181818181818,0.10176901459689061
Rajsamand,30,960447.0,30,32014.9,0.09960638414607133
Anand,195,941548.0,195,4828.451282051282,0.0976463998325417
"R.T. Nagar,Bangalore",246,916873.0,246,3788.7314049586776,0.09508739602618455
Fatehpur,49,909637.0,49,18564.020408163266,0.094336962326375
"Urapakkam,Chennai",360,909241.0,360,2532.7047353760445,0.09429589381544015
Pusad,38,905715.0,38,23834.605263157893,0.09393021813474246
Bhavnagar,115,905404.0,115,7873.078260869565,0.09389796483448808
"Bhawar Kuan,Indore",348,899936.0,348,2608.510144927536,0.09333088751683212
"Naranpura,Ahmedabad",209,896024.0,209,4349.631067961165,0.09292518040880905
Anantapur,166,890355.0,166,5462.300613496933,0.09233725771060282
"OMR Perungudi,Chennai",356,889423.0,356,2498.379213483146,0.0922406015182006
"Kanakapura Road,Bangalore",187,880104.0,187,4731.741935483871,0.0912741433025393
"Kadugodi,Bangalore",213,879186.0,213,4127.633802816901,0.09117893902719033
Cuttack,220,878281.0,220,3992.1863636363637,0.09108508296053366
"Yeshwanthpur,Bangalore",235,864909.0,235,3680.463829787234,0.08969829475795583
"Bandra West,Mumbai",796,858825.0,796,1083.0075662042875,0.08906733308995678
"Battarahalli,Bangalore",261,854919.0,261,3503.7663934426228,0.08866224823209938
Siddipet,48,848541.0,48,18856.466666666667,0.08800079630598202
"Ameerpet,Hyderabad",185,847541.0,185,4581.302702702703,0.08789708794503544
Yamuna-nagar,178,832350.0,178,4702.542372881356,0.08632165423389575
Samastipur,43,823309.0,43,19602.595238095237,0.08538402694257761
"Iyyapanthangal,Chennai",164,816315.0,164,5008.067484662577,0.08465869066611716
"South Chd,Chandigarh",643,809458.0,643,1260.8380062305296,0.08394756243510637
Valsad,93,801235.0,93,8709.076086956522,0.08309476858304254
Berhampur,106,786611.0,106,7563.567307692308,0.08157813751255959
Bhimavaram,86,770054.0,86,8954.116279069767,0.07986103818036687
Duliajan,52,758369.0,52,14584.01923076923,0.07864920598270594
Puttur,11,754855.0,11,68623.18181818182,0.07828477480233961
"Nungambakkam,Chennai",289,753573.0,289,2681.7544483985766,0.07815182068360609
Purnea,97,750558.0,97,7737.711340206186,0.0778391399753521
Thiruvallur,85,746190.0,85,9099.878048780487,0.0773861418547374
Bharuch,86,735651.0,86,8554.081395348838,0.07629315943872127
Tezpur,74,732677.0,74,10176.069444444445,0.0759847307732661
"Powai,Mumbai",759,721770.0,759,954.7222222222222,0.07485358368042162
"Mahindra World City,Chennai",159,711682.0,159,4475.987421383647,0.0738073737351924
"Saravanampatti,Coimbatore",188,705443.0,188,3752.3563829787236,0.07316033727124661
Bardoli,44,702468.0,44,15965.181818181818,0.07285180489743051
Raniganj,23,697726.0,23,31714.81818181818,0.07236001984982177
Gandhidham,114,697237.0,114,6170.238938053098,0.07230930646131889
"Attapur,Hyderabad",386,689279.0,386,1785.69689119171,0.0714839953249059
Davanagere,106,661343.0,106,6613.43,0.06858679855350192
"Ramanathapuram,Coimbatore",147,641548.0,147,4364.272108843537,0.06653389154856414
"Nizampet & Pragathi Nagar,Hyderabad",435,637113.0,435,1527.8489208633093,0.06607394496776599
"George Town,Chennai",248,636755.0,248,2567.560483870968,0.06603681737454711
Bharatpur,95,627543.0,95,6675.989361702128,0.06508145595350712
"Villivakkam,Chennai",176,625171.0,176,3572.405714285714,0.06483545972134179
Ambala,144,624613.0,144,4429.879432624113,0.06477759045593359
Barmer,27,620512.0,27,22981.925925925927,0.06435228246769162
"Guindy,Chennai",176,608076.0,176,3454.9772727272725,0.06306256529095981
"Ashok Vihar,Delhi",531,602460.0,531,1134.5762711864406,0.062480139135883746
"Purasawalkam,Chennai",199,596890.0,199,3014.59595959596,0.061902483565411226
Alwar,150,595627.0,150,4051.8843537414964,0.06177149990553568
Dhule,72,581919.0,72,8082.208333333333,0.060349865693679804
Bahadurgarh,146,575405.0,146,3968.310344827586,0.0596743094304737
Patna,743,569240.0,743,767.1698113207547,0.059034947385237964
"Scruz Bandra East,Mumbai",469,567161.0,469,1214.4775160599572,0.05881933770283
"Majestic,Bangalore",154,565180.0,154,3693.9869281045753,0.0586138914397948
Giridih,30,563614.0,30,19434.96551724138,0.058451484146552435
Shivpuri,39,536788.0,39,15336.8,0.055669403655799164
Tadepalligudem,45,536270.0,45,11917.111111111111,0.05561568272482883
Asansol,124,534352.0,124,4309.290322580645,0.05541677008853327
Amravati,136,529104.0,136,3890.470588235294,0.05487250861028555
"Mulund,Mumbai",498,526807.0,498,1057.8453815261043,0.05463429050519123
Berhampore,61,525544.0,61,8615.475409836066,0.05450330684531569
Haridwar,130,520398.0,130,4003.0615384615385,0.05396962361988452
"Sai Baba Colony,Coimbatore",174,518983.0,174,2982.6609195402298,0.053822876289145095
Kanpur,632,515605.0,632,815.8306962025316,0.05347254944586751
Firozabad,73,508877.0,73,6970.917808219178,0.05277479959341884
Tinsukia,49,508457.0,49,11299.044444444444,0.05273124208182127
Firozpur,116,505454.0,116,4357.362068965517,0.052419805873898655
"Himayath Nagar,Hyderabad",460,502700.0,460,1158.294930875576,0.05213419304785174
"Jayanagar,Bangalore",350,498440.0,350,1424.1142857142856,0.05169239543021926
Bathinda,173,497071.0,173,2873.242774566474,0.051550418684083374
Bharabanki,66,487777.0,66,7390.560606060606,0.05058655317744575
"Peelamedu,Coimbatore",142,485674.0,142,3420.239436619718,0.05036845449437507
"South Extension,Delhi",378,483780.0,378,1290.08,0.05017203085874222
"Arumbakkam,Chennai",204,482872.0,204,2367.0196078431372,0.05007786366700272
Silvassa,32,478818.0,32,14963.0625,0.04965742997172523
Bilaspur,159,478345.0,159,3046.7834394904457,0.049608375916997495
Daman,99,474525.0,99,5214.56043956044,0.049212209978181515
Fatehabad,42,467756.0,42,11408.682926829268,0.048510208082934034
Virudhunagar,84,462835.0,84,5576.325301204819,0.04799985923871585
Hisar,219,451877.0,219,2063.365296803653,0.0468634230194631
Suratgarh,36,449909.0,36,12854.542857142857,0.04665932496512021
Betul,38,447751.0,38,11782.921052631578,0.04643552232219746
Bokaro,150,446474.0,150,2976.4933333333333,0.046303086745268666
Gudivada,45,445542.0,45,9900.933333333332,0.04620643055286644
Tohana,17,442652.0,17,26038.352941176472,0.04590671338973079
"Panchkula,Chandigarh",330,440960.0,330,1340.303951367781,0.045731238843009156
Halol,99,440584.0,99,4450.343434343435,0.04569224449929324
Vizianagaram,74,439900.0,74,5944.594594594595,0.04562130798040577
Ahmednagar,94,422894.0,94,4547.247311827957,0.04385764359414803
Vidisha,57,420555.0,57,7509.910714285715,0.04361506973789395
Veraval,56,419159.0,56,7621.072727272727,0.043470292866012505
Bettiah,34,416910.0,34,13448.709677419354,0.04323705276224362
"KK Nagar,Chennai",124,416046.0,124,3382.487804878049,0.04314744873838577
"OMR Navalur,Chennai",272,414200.0,272,1528.4132841328412,0.04295600310407836
"Kamothe,Mumbai",275,413967.0,275,1516.3626373626373,0.042931839055977805
"Greenfields_FBD,Gurgaon",320,410236.0,320,1349.4605263157894,0.04254490316128607
"Hadapsar,Pune",498,409099.0,498,821.4839357429719,0.042426986754889796
Hassan,88,402994.0,88,4579.477272727273,0.04179384721131085
Guna,40,400015.0,40,10000.375,0.04148490000405095
"Kukatpally,Hyderabad",1009,398560.0,1009,395.7894736842105,0.04133400433887366
"Pimple Saudagar,Pune",454,397775.0,454,880.0331858407079,0.04125259327553059
"Tolichowki,Hyderabad",245,394069.0,245,1608.4448979591837,0.040868250089862515
Bhandara,32,390378.0,32,12199.3125,0.04048546252960865
Gonda,51,389149.0,51,7630.3725490196075,0.04035800495400529
"Race Course,Coimbatore",85,388909.0,85,4629.869047619048,0.0403331149473781
"Abids & Koti,Hyderabad",104,387914.0,104,3729.9423076923076,0.04022992512823624
"Kilpauk,Chennai",133,382934.0,133,2879.2030075187968,0.039713457490722213
"North Mohali,Chandigarh",504,382780.0,504,760.9940357852882,0.03969748640313644
Noida-1,1428,378329.0,1428,265.3078541374474,0.03923588048856316
"Gandhipuram,Coimbatore",151,377972.0,151,2503.1258278145697,0.03919885660370523
Thiruvarur,35,375490.0,35,10728.285714285714,0.038941452451835785
Akola,100,367669.0,100,3751.7244897959185,0.03813034936087249
"Coi_Ganapathy,Coimbatore",129,364326.0,129,2824.232558139535,0.03778365231022803
Bardhaman,95,361276.0,95,3884.6881720430106,0.03746734180934093
Saharsa,32,359644.0,32,11988.133333333333,0.03729808976427609
"Vasai,Mumbai",449,351829.0,449,783.5835189309577,0.03648760892347848
"Avadi,Chennai",150,346095.0,150,2354.387755102041,0.035892945181810715
Darbhanga,91,346094.0,91,4120.166666666667,0.035892841473449774
"Padur,Chennai",140,340761.0,140,2562.1127819548874,0.035339764784521596
Wardha,97,340191.0,97,3507.1237113402062,0.03528065101878204
"Aliganj,Lucknow",786,338621.0,786,431.3643312101911,0.03511782889209589
Ranaghat-wb,19,335514.0,19,17658.63157894737,0.03479560701463483
Cuddalore,77,335151.0,77,4352.61038961039,0.034757960879611215
"Panampilly Nagar,Kochi",237,331322.0,237,1409.8808510638298,0.03436086156554671
Faridkot,53,322337.0,53,6446.74,0.03342904194244159
"Mysore South,Mysore",314,322225.0,314,1036.0932475884244,0.03341742660601557
Balasore,97,320622.0,97,3305.381443298969,0.03325118210341818
Sangamner,12,318631.0,12,28966.454545454544,0.033044698756773516
Aizawl,30,314360.0,30,10478.666666666666,0.032601760347170626
"Central Kolkata,Kolkata",790,309677.0,790,392.99111675126903,0.03211609409285773
"Vasant Kunj,Delhi",455,308504.0,455,678.0307692307692,0.03199444418546738
"Shantinagar,Bangalore",85,303999.0,85,3576.458823529412,0.031527238019402985
Bhiwani,89,303271.0,89,3407.5393258426966,0.031451738332633865
"Gomti Nagar,Lucknow",921,301582.0,921,327.80652173913046,0.03127657491099507
Shimla,22,301221.0,22,14343.857142857143,0.031239136192693355
"Raj Nagar,Noida",852,298543.0,852,350.4025821596244,0.03096140520207838
Guntakal,26,292734.0,26,11259.0,0.03035896333333963
"Airoli,Mumbai",357,292589.0,357,821.879213483146,0.030343925621002372
Chittoor,65,290594.0,65,4470.676923076923,0.03013702744091392
"Mysore North,Mysore",342,290476.0,342,859.396449704142,0.030124789854322223
Dhoraji,19,285827.0,19,15043.526315789473,0.029642649684281517
Ballari,95,284092.0,95,2990.442105263158,0.02946271567803918
Chhatarpur,54,281804.0,54,5218.592592592592,0.029225430948193378
Gopalganj,30,278317.0,30,9277.233333333334,0.028863799893572614
"Salt Lake,Kolkata",641,276174.0,641,432.87460815047024,0.028641552876064066
"Royapettah,Chennai",230,272706.0,230,1217.4375,0.028281892280301285
Shrirampur,18,264100.0,18,15535.29411764706,0.027389378125994915
"Fort Colaba,Mumbai",303,263562.0,303,869.8415841584158,0.02733358302780565
"Kompally,Hyderabad",211,263511.0,211,1285.419512195122,0.027328293901397373
Etawah,72,262827.0,72,3650.375,0.027257357382509905
Ambikapur,75,260983.0,75,3624.7638888888887,0.02706611916492439
"Matunga Wadala,Mumbai",315,257998.0,315,819.0412698412698,0.026756549707498814
Faizabad,106,256584.0,106,2443.657142857143,0.026609906085120334
"Dharampeth,Nagpur",320,256372.0,320,803.6739811912225,0.026587919912599654
Gauriganj,23,254567.0,23,11068.130434782608,0.026400726321091056
Rayachoty,16,254149.0,16,18153.5,0.02635737622621538
Sindhanur,15,251663.0,15,17975.928571428572,0.026099557240902155
Bijapur,63,251130.0,63,3986.190476190476,0.02604428068451762
"South Mohali,Chandigarh",269,250757.0,269,932.182156133829,0.02600559746588454
Theni,35,250646.0,35,7161.314285714286,0.02599408583781947
Pondicherry,320,250153.0,320,781.728125,0.0259429576158728
Srivilliputhur,7,249524.0,7,35646.28571428572,0.025877725056837393
Chhindwara,79,248752.0,79,3148.759493670886,0.025797662202186624
"Nanakramguda,Hyderabad",194,247793.0,194,1277.2835051546392,0.025698205884038844
"East Chd,Chandigarh",289,244358.0,289,845.5294117647059,0.0253419676641873
Begusarai,62,243537.0,62,3928.016129032258,0.025256823099850147
Sawai-madhopur,13,243083.0,13,18698.69230769231,0.025209739503980394
Bahraich,41,242543.0,41,6219.051282051282,0.025153736989069236
"Hinjewadi Phase-3,Pune",63,242527.0,63,3849.6349206349205,0.025152077655294088
Uran-islampur,30,242327.0,30,8356.103448275862,0.025131335983104772
"Bhayandar,Mumbai",284,240670.0,284,847.4295774647887,0.024959491229016268
Shikohabad,22,240328.0,22,12648.842105263158,0.024924022969572534
"Wakad,Pune",869,238555.0,869,274.83294930875576,0.024740148045614228
Sehore,20,237618.0,20,13201.0,0.02464297331140727
Hanumangarh,68,235944.0,68,3469.764705882353,0.024469365515182674
"ECR-Kottivakkam,Chennai",183,235801.0,183,1288.5300546448088,0.02445453521956731
"Mahalaxmi Malabar Hill,Mumbai",212,230598.0,212,1087.7264150943397,0.023914940617562195
"Chinar Park,Kolkata",630,230122.0,630,366.4363057324841,0.023865575437751616
Tuni,27,227036.0,27,8408.74074074074,0.023545531435870435
"Kachiguda,Hyderabad",47,226073.0,47,4810.063829787234,0.023445660284278868
Bagdogra,76,223976.0,76,2947.0526315789475,0.023228183851373863
"Sector-14,Gurgaon",238,223682.0,238,972.5304347826087,0.023197693593255565
Kolhapur,276,222855.0,276,813.3394160583941,0.023111926778752734
Chitradurga,79,222366.0,79,2850.846153846154,0.02306121339024985
Hubli,198,221942.0,198,1120.919191919192,0.023017241045208497
"Swargate,Pune",358,221324.0,358,619.9551820728291,0.0229531492781435
Ankleshwar,54,221091.0,54,4171.528301886792,0.022928985230042945
Baddi,74,220707.0,74,3023.3835616438355,0.022889161219439454
Ambur,68,218224.0,68,3306.4242424242425,0.022631653359209067
"Wagholi,Pune",426,217465.0,426,510.481220657277,0.022552938713250602
"Nigdi,Pune",394,217020.0,394,553.6224489795918,0.02250678849262937
Madurai,473,216796.0,473,458.34249471458776,0.022483557819777334
Haldia,17,216619.0,17,13538.6875,0.02246520143988979
Hapur,61,215688.0,61,3535.8688524590166,0.02236864895584851
"Poonamallee,Chennai",163,215645.0,163,1322.9754601226994,0.02236418949632781
"Virar,Mumbai",335,215162.0,335,642.2746268656716,0.022314098357990603
Gangapur-city,44,213630.0,44,4968.139534883721,0.022155217149020422
Tenkasi,36,211416.0,36,6040.457142857143,0.021925606837884668
Thalassery,27,210619.0,27,7800.7037037037035,0.021842951274210237
Singrauli,14,209233.0,14,14945.214285714286,0.021699211485938258
"West Chd,Chandigarh",200,207927.0,200,1044.859296482412,0.02156376836654201
Bulandshahr,60,206477.0,60,3441.2833333333333,0.021413391243169454
"Mylapore,Chennai",155,206065.0,155,1329.4516129032259,0.021370663398459458
"New Sohna Road,Gurgaon",17,205527.0,17,12089.823529411764,0.02131486830027019
Udgir,28,203087.0,28,7253.107142857143,0.021061819899560505
"Madhapur,Hyderabad",893,201466.0,893,226.11223344556677,0.02089370864646608
"Rajarhat,Kolkata",535,200669.0,535,375.0822429906542,0.020811053082791648
Cooch-behar,39,199791.0,39,5122.846153846154,0.02071999714188054
Beed,58,199523.0,58,3500.40350877193,0.020692203301146853
Surendranagar-dudhrej,32,197979.0,32,6599.3,0.020532077591845315
Himmatnagar,49,195016.0,49,3979.918367346939,0.020224789718360562
Yavatmal,66,192549.0,66,3008.578125,0.019968941191905322
Tadpatri,25,192276.0,25,7691.04,0.019940628809366902
"Behala,Kolkata",357,190728.0,357,538.7796610169491,0.019780088266621577
"Garia,Kolkata",429,189905.0,429,442.6689976689977,0.019694736285562533
Tanuku,35,187289.0,35,5351.114285714286,0.01942343521332625
"Kondhwa,Pune",502,185830.0,502,370.1792828685259,0.019272124714705168
Fatehgarh-sahib,39,181044.0,39,4642.153846153846,0.01877577649921478
Suryapet,29,180974.0,29,6463.357142857143,0.01876851691394852
"Jadavpur,Kolkata",758,180605.0,758,239.21192052980132,0.01873024852875923
"Warje,Pune",175,179416.0,175,1037.086705202312,0.01860693928759373
"Bibwewadi,Pune",654,179165.0,654,274.37212863705975,0.018580908488996135
Raghunathpur,23,178969.0,23,8134.954545454545,0.018560581650250603
"Ruby Area,Kolkata",458,177822.0,458,388.2576419213974,0.01844162816024486
"Egmore,Chennai",150,176885.0,150,1179.2333333333333,0.018344453426037906
Biharsharif,52,175684.0,52,3378.5384615384614,0.01821989968454105
"Punjabi Bagh,Delhi",186,175274.0,186,952.5760869565217,0.018177379256552946
Budaun,64,175036.0,64,2778.3492063492063,0.018152696666647657
South-goa,14,174189.0,14,12442.07142857143,0.018064855684925895
Aurangabad_bihar,50,173238.0,50,3464.76,0.017966229033665685
Chittorgarh,48,173134.0,48,3606.9583333333335,0.01795544336412724
Bhuj,55,170794.0,55,3105.3454545454547,0.017712765799512215
"Sarafa,Indore",149,169178.0,149,1135.4228187919464,0.01754517308822252
"Ramapuram,Chennai",115,167450.0,115,1456.0869565217392,0.01736596504050681
Hardoi,46,165100.0,46,3668.8888888888887,0.01712225039228232
"South Kolkata,Kolkata",498,164726.0,498,330.77510040160644,0.017083463465288294
Thodupuzha,24,164638.0,24,6859.916666666667,0.017074337129524993
Bundi,15,164285.0,15,10952.333333333334,0.017037728078110846
Batala,67,163639.0,67,2442.373134328358,0.016970732476939348
Dharwad,11,163397.0,11,14854.272727272728,0.016945635053590275
Arrah,50,162061.0,50,3307.3673469387754,0.016807080683365627
Baramati,49,160526.0,49,3276.0408163265306,0.01664788834931261
Banda,51,160204.0,51,3141.2549019607845,0.016614494257087806
"Sadar,Nagpur",474,159813.0,474,337.8710359408034,0.01657394428795769
Sasaram,14,158506.0,14,12192.76923076923,0.016438397460200493
Chidambaram,51,155519.0,51,3049.392156862745,0.016128620586053022
Puri,100,151835.0,100,1518.35,0.015746558984325778
"Old Delhi,Delhi",143,151742.0,143,1068.605633802817,0.015736914106757746
Chhapra,48,151361.0,48,3153.3541666666665,0.015697401221237094
"Dumdum,Kolkata",551,151059.0,551,274.65272727272725,0.015666081296231222
Golaghat,29,146927.0,29,5066.448275862069,0.015237558348799906
Nadiad,98,146751.0,98,1497.4591836734694,0.015219305677273306
"Hazratganj,Lucknow",356,146326.0,356,411.0280898876405,0.015175229623871004
Dausa,20,146009.0,20,7684.684210526316,0.015142354073450935
Farrukhabad,61,145823.0,61,2390.5409836065573,0.015123064318314868
"Indira Nagar,Lucknow",404,143854.0,404,358.73815461346635,0.01491886255561103
"Lake Town,Kolkata",592,143505.0,592,242.40709459459458,0.014882668337640669
Barshi,26,142928.0,26,5497.2307692307695,0.014822828613374485
Meerut,331,142790.0,331,431.3897280966767,0.014808516859563855
North-goa,446,142579.0,446,321.1238738738739,0.014786634395404124
Nagercoil,105,141020.0,105,1369.126213592233,0.014624953060688388
Azamgarh,48,140843.0,48,2934.2291666666665,0.01460659668080084
Adoni,37,139330.0,37,3870.277777777778,0.014449685930688648
Bongaigaon,46,138788.0,46,3017.1304347826085,0.014393475999055595
"Nandanvan,Nagpur",381,138491.0,381,363.49343832021,0.014362674615854457
Bapatlachirala,35,138200.0,35,4187.878787878788,0.014332495482818999
Adilabad,50,135898.0,25,2717.96,0.014093758835919944
Chikmagalur,52,135064.0,52,2597.3846153846152,0.014007266062890485
Alipurduar,42,134868.0,42,3211.1428571428573,0.013986939224144955
"Koregaon Park,Pune",170,133893.0,170,787.6058823529412,0.013885823572222027
Hoshiarpur,108,131626.0,108,1218.7592592592594,0.013650716717956103
"Thrippunithura,Kochi",88,131013.0,88,1488.784090909091,0.013587143492695842
"Alipore,Kolkata",292,130994.0,292,448.6095890410959,0.013585173033837857
Bhind,23,130484.0,23,5673.217391304348,0.013532281769755095
Jodhpur,419,129129.0,419,308.1837708830549,0.013391756940672463
Phagwara,134,128000.0,134,962.406015037594,0.013274670201163762
Gadag-betigeri,21,127688.0,21,6080.380952380952,0.013242313192548424
"Sector 18,Delhi",3,126578.0,3,42192.666666666664,0.013127196911897707
"Suncity & Bandlaguda,Hyderabad",31,122056.0,31,4068.5333333333333,0.01265822770369722
Panipat,204,121653.0,204,596.3382352941177,0.012616433234235742
Amreli,27,121531.0,27,4501.148148148148,0.012603780814200258
Cherthala,30,121167.0,30,4038.9,0.0125660309708157
Balaghat,23,118188.0,23,5138.608695652174,0.012257083763555802
Chikkaballapur,35,118016.0,35,3371.885714285714,0.012239245925472987
Bijnor,43,117240.0,43,2726.5116279069766,0.012158768237378433
Karnal,155,114367.0,155,737.8516129032258,0.011860814116378874
Bhusawal,44,113871.0,44,2587.9772727272725,0.011809374769349365
"Burrabazar,Kolkata",290,113720.0,290,393.4948096885813,0.011793714806846428
Chandrapur,97,111675.0,97,1163.28125,0.011581631208710648
"Howrah,Kolkata",395,111399.0,395,282.73857868020303,0.011553007701089388
"Santoshpur,Kolkata",301,110276.0,301,366.36544850498336,0.011436543211746367
Dehri,24,110178.0,24,4790.347826086957,0.011426379792373601
Morbi,175,109925.0,175,631.7528735632184,0.011400141577054114
Vyara,25,109848.0,25,4577.0,0.011392156033261226
"Dugri,Ludhiana",269,109704.0,269,409.34328358208955,0.011377222029284916
Godhra,25,109236.0,25,4369.44,0.01132868651636191
"Perumbakkam,Chennai",101,108930.0,101,1078.5148514851485,0.011296951757912253
Doddaballapura,30,107820.0,30,3594.0,0.011181835477261537
"Vyttila,Kochi",59,107535.0,59,1822.6271186440679,0.011152278594391758
Bela-pratapgarh,32,106626.0,32,3332.0625,0.011058007694291307
"Bally,Kolkata",277,106446.0,277,385.67391304347825,0.01103934018932092
Khanna,83,106082.0,83,1278.0963855421687,0.01100159034593636
Chalakkudy,37,105626.0,37,2934.0555555555557,0.010954299333344714
Dahod,39,104291.0,39,2674.128205128205,0.010815848671481014
Bhawanipatna,16,103837.0,16,6489.8125,0.010768765075611262
Hinganghat,16,103124.0,16,6445.25,0.010694821014256341
Warangal,28,101740.0,28,3633.5714285714284,0.010551288642706259
Dhanbad,3,101263.0,3,33754.333333333336,0.010501819754534734
Changanassery,79,97863.0,79,1238.7721518987341,0.010149211327316322
Arakkonam,22,95593.0,22,4345.136363636364,0.009913793347967558
Chalisgaon,30,95573.0,30,3185.766666666667,0.009911719180748626
Bidar,41,95121.0,41,2320.0243902439024,0.009864843001600766
Waidhan,25,94581.0,25,3783.24,0.009808840486689606
Karimnagar,98,93759.0,98,956.7244897959183,0.009723592213991508
Muzaffarpur,121,93706.0,121,774.4297520661157,0.009718095670861338
Jabalpur,246,93685.0,246,380.8333333333333,0.009715917795281461
Buxar,24,92872.0,24,3869.6666666666665,0.009631602897831881
Imphal,90,92720.0,90,1030.2222222222222,0.009615839226968
"Bhosari,Pune",455,92715.0,455,203.76923076923077,0.009615320685163267
Mansa,178,91954.0,178,516.5955056179776,0.00953639862248291
"Old Palasia,Indore",278,90528.0,278,325.64028776978415,0.00938851049977307
Beawar,58,88806.0,58,1558.0,0.00920992470222304
"Khan Market,Delhi",107,88716.0,107,829.1214953271028,0.009200590949737845
Hindaun,19,88100.0,19,4636.8421052631575,0.009136706599394745
Jhansi,225,88044.0,225,391.3066666666667,0.009130898931181736
Bhadohi,23,87780.0,23,3816.521739130435,0.009103519923891835
"Bavdhan,Pune",264,87707.0,264,332.2234848484849,0.009095949213542735
Balrampur,25,87496.0,25,3499.84,0.009074066749383004
Karaikkudi,82,86763.0,82,1058.0853658536585,0.00899804852080915
Nellore,197,86650.0,197,442.09183673469386,0.008986329476022186
Washim,25,85549.0,25,3564.5416666666665,0.00887214657061999
"South Tukoganj,Indore",99,85245.0,99,869.8469387755102,0.008840619228892226
Bhadrachalam,17,85177.0,17,5010.411764705882,0.008833567060347857
Chiplun,20,84614.0,20,4230.7,0.008775179253134925
Baran,23,83998.0,23,3818.090909090909,0.008711294902791825
"Tarnaka, Nacharam & Malkajigiri,Hyderabad",401,83290.0,401,208.225,0.008637869383241637
Dibrugarh,98,82588.0,98,842.734693877551,0.00856506611385713
Mangaluru,196,82482.0,196,420.8265306122449,0.008554073027596792
Varkala,20,82379.0,20,4118.95,0.008543391066419293
Bolpur,23,81741.0,23,3553.9565217391305,0.008477225132135367
Karur,99,80634.0,99,814.4848484848485,0.00836241997656749
Pudukkottai,80,79097.0,80,988.7125,0.008203020225792577
Muzaffarnagar,99,78539.0,99,793.3232323232323,0.00814515096038438
Hoshangabad,53,77981.0,53,1471.3396226415093,0.008087281694976182
"Aluva,Kochi",78,77560.0,78,994.3589743589744,0.008043620475017667
Balurghat,32,76893.0,32,2402.90625,0.00797444699826629
Khammam,95,76041.0,95,800.4315789473684,0.007886087474739793
Karad,83,75542.0,83,910.144578313253,0.007834337002627444
Kashipur,83,74623.0,83,910.0365853658536,0.007739029018917526
Tiptur,11,73807.0,11,7380.7,0.0076544029963851075
Nagaon,70,73634.0,70,1051.9142857142858,0.007636461449941347
Bhatkal,20,73313.0,20,3665.65,0.00760317106607749
"Manish Nagar,Nagpur",197,72797.0,197,369.5279187817259,0.007549657551829049
Manipal,157,72109.0,157,459.2929936305732,0.007478306199497794
"Kharkhana & Trimulgherry,Hyderabad",299,72048.0,299,240.96321070234114,0.007471979989480052
"Balanagar & Idpl,Hyderabad",11,72021.0,11,6547.363636363636,0.007469179863734494
"Sangvi,Pune",252,71421.0,252,283.4166666666667,0.007406954847166539
Aruppukottai,17,70699.0,17,4158.764705882353,0.007332077410563099
Mathura,138,70460.0,138,510.57971014492756,0.007307291112296864
"Sinhgad Road,Pune",305,70438.0,305,231.70394736842104,0.007305009528356039
Dindigul,97,70392.0,97,725.6907216494845,0.007300238943752496
Hansi,19,70275.0,19,3698.684210526316,0.007288105065521745
"BRS Nagar,Ludhiana",134,70234.0,134,524.1343283582089,0.0072838530227229345
Vapi,11,68921.0,11,6265.545454545455,0.0071476839448000595
Pathankot,103,68304.0,103,663.1456310679612,0.007083695886096012
Balangir,21,67870.0,21,3231.904761904762,0.007038686457445191
Chikhli,21,67790.0,21,3228.095238095238,0.007030389788569464
Chakdaha,28,67730.0,28,2418.9285714285716,0.0070241672869126685
"Kalamassery,Kochi",63,67109.0,63,1082.4032258064517,0.006959764394764835
Kannur,94,66574.0,94,708.2340425531914,0.006904280421658408
Basti,51,65616.0,51,1286.5882352941176,0.006804927811871573
Visnagar,13,65596.0,13,5045.846153846154,0.006802853644652641
"Vishrantwadi,Pune",206,65568.0,206,318.29126213592235,0.006799949810546137
"Manasarovar,Jaipur",208,65479.0,208,314.80288461538464,0.00679071976642189
Kharagpur,74,65030.0,74,878.7837837837837,0.00674415471235687
Tarn-taran-sahib,7,64737.0,7,9248.142857142857,0.006713768162599519
"New Palasia,Indore",188,64467.0,188,342.9095744680851,0.006685766905143939
Bagalkot,16,64403.0,16,4025.1875,0.006679129570043357
Kapurthala,72,64332.0,72,893.5,0.006671766276416149
"Aminabad,Lucknow",176,63228.0,176,359.25,0.006557272245931112
"Sitabuldi,Nagpur",172,60947.0,172,354.34302325581393,0.006320713474611935
Churu,19,59876.0,19,3151.3684210526317,0.006209641820038136
"New DLF Phase 4,Gurgaon",11,58166.0,11,5816.6,0.006032300522819464
Thiruvalla,6,57862.0,6,9643.666666666666,0.0060007731810917
Dimapur,46,57742.0,46,1255.2608695652175,0.0059883281777781084
Mehsana,101,57543.0,101,575.43,0.005967690213949737
"Fort Kochi,Kochi",70,57231.0,70,817.5857142857143,0.0059353332053344
Proddatur,68,57223.0,68,841.5147058823529,0.005934503538446828
"Dhankawadi,Pune",21,56981.0,21,2713.3809523809523,0.005909406115097752
Basirhat,14,56817.0,14,4058.3571428571427,0.0058923979439025114
"Bajaj Nagar,Nagpur",137,54775.0,137,399.8175182481752,0.00568062547084957
"Civil Lines,Ludhiana",119,54248.0,119,455.8655462184874,0.005625971164630717
"Bopodi,Pune",4,54111.0,4,13527.75,0.005611763119181034
Budhwal,7,53696.0,7,7670.857142857143,0.005568724149388198
"Wardha Road,Nagpur",131,52809.0,131,403.12213740458014,0.005476734833228571
"Royapuram,Chennai",5,52583.0,5,10516.6,0.005453296743654641
Kishanganj,25,52511.0,25,2100.44,0.005445829741666486
Katihar,47,52352.0,47,1113.872340425532,0.005429340112275978
Kozhikode,214,51188.0,214,239.19626168224298,0.005308623580134146
Mirzapur,54,51129.0,54,964.6981132075472,0.005302504786838296
Moga,83,50832.0,83,612.433734939759,0.005271703403637158
Karunagappaly,48,50684.0,48,1055.9166666666667,0.005256354566217063
Pilibhit,52,48934.0,52,941.0384615384615,0.005074864934560527
Bodhan-rural,8,48001.0,8,6000.125,0.004978105033797357
Jamnagar,126,47250.0,126,381.0483870967742,0.004900220054726467
"Greater Kailash New,Delhi",81,46873.0,81,578.679012345679,0.004861122002649602
Gangtok,9,46710.0,9,5190.0,0.004844217539815307
Kakinada,158,45414.0,158,287.43037974683546,0.004709811504028524
"Bbd,Lucknow",104,43509.0,104,418.3557692307692,0.004512247076425266
Gurdaspur,37,42710.0,37,1256.1764705882354,0.00442938409602894
Fazilka,15,42482.0,15,3034.4285714285716,0.004405738589733117
Kollam,138,42003.0,138,304.3695652173913,0.004356062284839699
"Santoshnagar & Saidabad,Hyderabad",228,41114.0,228,181.9203539823009,0.004263865551958178
"Ashiyana,Lucknow",95,41034.0,95,441.2258064516129,0.004255568883082451
Porbandar,49,40104.0,49,818.4489795918367,0.004159120107402121
Khamgaon,24,39604.0,24,1650.1666666666667,0.004107265926928825
Pali,71,39548.0,71,557.0140845070423,0.004101458258715816
Kumbakonam,98,39288.0,98,400.8979591836735,0.004074494084869702
Chandausi,14,38689.0,14,2763.5,0.0040123727766626935
"Gandhibagh,Nagpur",107,37673.0,107,352.0841121495327,0.003907005081940956
Katni,65,37005.0,65,569.3076923076923,0.0038377278968286326
Gadwal,11,36371.0,11,4041.222222222222,0.0037719767959884932
Arambagh,17,35963.0,17,2115.470588235294,0.003729663784722284
"Esplanade,Kolkata",92,35823.0,92,393.65934065934067,0.003715144614189761
"Hatibagan,Kolkata",84,35644.0,84,424.3333333333333,0.0036965808175803212
Jammu,93,35255.0,93,383.20652173913044,0.003656238265172097
Palakkad,97,34322.0,97,353.83505154639175,0.0035594783644089267
Namakkal,92,34067.0,92,370.29347826086956,0.0035330327323675457
Modinagar,46,34044.0,46,740.0869565217391,0.0035306474400657742
"Greater Noida,Delhi",5,33528.0,5,6705.6,0.003477133925817333
"Lulu Mall,Kochi",11,33506.0,11,3046.0,0.0034748523418765076
Kalaburagi,91,33426.0,91,375.5730337078652,0.00346655567300078
Perinthalmanna,34,32926.0,34,968.4117647058823,0.0034147014925274845
Gokak,12,32826.0,12,2735.5,0.0034043306564328253
Jorhat,128,32747.0,128,255.8359375,0.0033961376959180446
Hospet,36,32713.0,36,908.6944444444445,0.0033926116116458605
Kavali,20,32545.0,20,1627.25,0.0033751886070068327
Mancherial,69,32453.0,69,470.3333333333333,0.0033656474377997464
Navsari,78,32391.0,78,415.2692307692308,0.0033592175194210577
"Mehdipatnam,Hyderabad",143,32066.0,143,224.23776223776224,0.0033255123021134155
Nanded,99,31822.0,99,321.4343434343434,0.0033002074620424467
Moradabad,82,31601.0,82,385.3780487804878,0.0032772879142732502
"Kestopur,Kolkata",102,31248.0,102,306.3529411764706,0.003240678862859103
Parbhani,47,31059.0,47,660.8297872340426,0.0032210779826401972
Madanapalle,77,30929.0,77,401.6753246753247,0.0032075958957171404
Uluberia,11,30926.0,11,3436.222222222222,0.0032072847706343006
Jalgaon,99,30868.0,99,311.7979797979798,0.0032012696856993984
Kota,99,30489.0,99,307.969696969697,0.00316196421690064
Kalady,94,30359.0,94,329.9891304347826,0.003148482129977583
Kurukshetra,121,30146.0,121,251.21666666666667,0.003126392249095959
Ongole,97,29595.0,97,305.10309278350513,0.003069248942214387
Kohima,1,29583.0,1,29583.0,0.0030680044418830276
"Science City,Ahmedabad",5,28182.0,5,5636.4,0.0029227090281968523
Kurnool,119,27818.0,119,233.76470588235293,0.002884959184812293
Munger,33,26968.0,33,817.2121212121212,0.00279680707800769
Machilipatnam,58,26951.0,58,464.67241379310343,0.002795044035871598
Miryalaguda,21,26935.0,21,1282.6190476190477,0.0027933847020964525
Kolar,39,26634.0,39,682.9230769230769,0.002762168485451528
Latur,104,26627.0,104,256.02884615384613,0.002761442526924902
Junagadh,84,26547.0,84,316.0357142857143,0.002753145858049175
Malda,58,26345.0,58,462.1929824561403,0.002732196769137963
"Alkapuri,Vadodara",1,26255.0,1,26255.0,0.0027228630166527697
Chengannur,30,25718.0,30,857.2666666666667,0.00266717162682445
Mughalsarai,34,25069.0,34,737.3235294117648,0.002599864900570112
"Thakurpukur,Kolkata",87,25006.0,87,290.7674418604651,0.0025933312738304765
Mandya,70,24699.0,70,352.84285714285716,0.002561492807019873
"Naktala,Kolkata",54,24672.0,54,456.8888888888889,0.0025586926812743147
Kadapa,98,24629.0,98,251.31632653061226,0.0025542332217536115
Bantwal,9,24550.0,9,2727.777777777778,0.0025460402612388308
Nandyal,62,24402.0,62,393.5806451612903,0.002530691423818735
Nizamabad,93,23859.0,93,256.5483870967742,0.002474377783824736
"Alwal,Hyderabad",141,23372.0,141,165.75886524822695,0.0024238718120437454
Mayiladuthurai,32,23340.0,32,729.375,0.0024205531444934547
Kanyakumari,23,23327.0,23,1014.2173913043479,0.0024192049358011487
Kanchrapara,88,22908.0,88,260.3181818181818,0.002375751132564527
Barwani,10,22509.0,10,2250.9,0.0023343714965468366
Madikeri,29,22497.0,29,775.7586206896551,0.0023331269962154778
Palani,40,21647.0,40,541.175,0.0022449748894108747
Rangpo,1,21597.0,1,21597.0,0.002239789471363545
Muktsar,57,21330.0,57,374.2105263157895,0.002212099338990805
Jaunpur,72,21036.0,72,292.1666666666667,0.0021816090808725068
Patiala,45,20976.0,45,466.1333333333333,0.0021753865792157115
Nangal,36,20959.0,36,582.1944444444445,0.0021736235370796195
Neemuch,43,20740.0,43,482.3255813953488,0.0021509114060323156
Kotdwar,55,20601.0,55,374.56363636363636,0.0021364959438607395
Motihari,49,20356.0,49,415.42857142857144,0.0021110873954288244
Nalgonda,54,20018.0,54,370.7037037037037,0.0020760339694288763
Medinipur,48,19773.0,48,411.9375,0.002050625420996961
Kottayam,101,19700.0,101,195.04950495049505,0.0020430547106478603
Burhanpur,39,19465.0,39,512.2368421052631,0.002018683245825411
Jalpaiguri,54,19025.0,54,352.31481481481484,0.0019730515670089107
Kishangarh,39,18346.0,39,470.4102564102564,0.0019026335899261747
Mahbubnagar,65,18262.0,65,280.95384615384614,0.001893922087606661
Nabadwip,24,17228.0,24,717.8333333333334,0.001786687642387885
Lakhimpur,74,17159.0,74,231.8783783783784,0.0017795317654825701
Jamshedpur,62,17129.0,62,276.2741935483871,0.0017764205146541723
Morena,32,17052.0,32,532.875,0.0017684349708612847
Bilimora,3,16640.0,3,5546.666666666667,0.001725707126151289
Pala,29,16607.0,29,572.6551724137931,0.0017222847502400514
Ooty,63,16421.0,63,260.6507936507937,0.0017029949951039853
Kendujhar,27,16241.0,27,601.5185185185185,0.0016843274901335989
Jagdalpur,45,16089.0,45,357.53333333333336,0.0016685638192697168
Nainital,32,15910.0,32,497.1875,0.0016500000226602769
Jind,65,15693.0,65,241.43076923076924,0.0016274953083348664
"New Cyber City,Gurgaon",12,15583.0,12,1298.5833333333333,0.0016160873886307413
Kannauj,27,15521.0,27,574.8518518518518,0.0016096574702520526
"Kankurgachi,Kolkata",27,15412.0,27,570.8148148148148,0.0015983532589088742
Lonavala,93,15054.0,93,161.8709677419355,0.0015612256656899943
Ranibennur,3,15010.0,3,5003.333333333333,0.0015566624978083441
Khandwa,43,14857.0,43,345.51162790697674,0.0015407951185835156
Moodbidri,17,14444.0,17,849.6470588235294,0.0014979635655125731
Ichalkaranji,38,13881.0,38,365.2894736842105,0.0014395757582996418
Kottarakkara,24,13864.0,24,577.6666666666666,0.0014378127161635498
Chopda,13,13751.0,13,1057.7692307692307,0.001426093671376585
"Alwarpet,Chennai",1,13588.0,1,13588.0,0.0014091892085422906
Kaithal,57,13414.0,57,235.33333333333334,0.0013911439537375836
Maunath-bhanjan,36,13350.0,36,381.42857142857144,0.0013845066186370016
Narsinghpur,26,13248.0,26,509.53846153846155,0.0013739283658204492
Jhunjhunu,45,13200.0,45,293.3333333333333,0.0013689503644950128
Narnaul,36,13117.0,36,364.3611111111111,0.0013603425705364458
Kothamanagalam,57,12877.0,57,225.91228070175438,0.0013354525639092637
"LalDarwaja,Ahmedabad",11,12815.0,11,1165.0,0.001329022645530575
Mussoorie,10,12721.0,10,1272.1,0.0013192740596015954
Narasaraopet,29,12710.0,29,438.2758620689655,0.0013181332676311828
Orai,74,12484.0,74,168.7027027027027,0.001294695178057253
Bongaon,12,12107.0,12,1008.9166666666666,0.001255597125980388
Krishnagiri,67,11968.0,67,178.62686567164178,0.0012411816638088116
Jagraon,42,11542.0,42,274.8095238095238,0.0011970019020455635
Malout,29,11074.0,29,381.86206896551727,0.0011484663891225585
Malegaon,31,11018.0,31,355.4193548387097,0.0011426587209095495
"Nampally,Hyderabad",6,11010.0,6,1835.0,0.0011418290540219766
Buldana,19,10862.0,19,571.6842105263158,0.001126480216601881
Nagda,19,10341.0,19,544.2631578947369,0.0010724481605487066
Nandurbar,13,10231.0,13,787.0,0.0010610402408445815
Mandsaur,38,10213.0,38,268.7631578947368,0.001059173490347543
Jhalawar,31,9891.0,31,319.06451612903226,0.0010257793981227404
Palanpur,21,9826.0,21,467.9047619047619,0.0010190383546612117
Kovilpatti,51,9806.0,51,192.27450980392157,0.00101696418744228
Korba,56,9525.0,56,170.08928571428572,0.0009878221380162876
Nagapattinam,15,9037.0,15,602.4666666666667,0.0009372124578743508
Jagtial,31,8687.0,31,280.2258064516129,0.0009009145315430437
Diu,20,8577.0,20,428.85,0.0008895066118389186
Palampur,43,8564.0,43,199.1627906976744,0.0008881584031466129
"Model Town,Ludhiana",30,8368.0,30,288.55172413793105,0.0008678315644010809
"Jakhan,Dehradun",6,8175.0,6,1635.0,0.0008478158507383886
Itarsi,24,7724.0,24,321.8333333333333,0.0008010433799514758
Krishnanagar,16,7689.0,16,480.5625,0.000797413587318345
Osmanabad,26,7432.0,26,285.84615384615387,0.0007707605385550709
Kopargaon,39,7384.0,39,189.33333333333334,0.0007657825372296345
Irinjalakuda,24,7353.0,24,306.375,0.0007625675780402901
"BBK_MayurVihar,Delhi",1,6880.0,1,6880.0,0.0007135135233125522
Naraingarh,15,6550.0,15,436.6666666666667,0.0006792897642001768
"Alambagh,Lucknow",11,6229.0,11,566.2727272727273,0.0006459993803363209
Jhargram,21,6178.0,21,294.1904761904762,0.0006407102539280447
Jahanabad,20,6115.0,20,305.75,0.0006341766271884094
"Kidderpore,Kolkata",27,5831.0,27,215.96296296296296,0.0006047234526795772
"Rajajinagar,Bangalore",3,5777.0,3,1925.6666666666667,0.0005991232011884613
"West Marredpally,Hyderabad",28,5756.0,28,205.57142857142858,0.0005969453256085828
Kamareddy,21,5749.0,21,273.76190476190476,0.0005962193670819568
Kadiri,19,5475.0,19,288.1578947368421,0.0005678032761825905
Malappuram,16,5445.0,16,363.0,0.0005646920253541928
Neyveli,22,5334.0,22,242.45454545454547,0.0005531803972891211
Madhubani,29,5284.0,29,182.20689655172413,0.0005479949792417915
Muvattupuzha,18,5233.0,18,290.72222222222223,0.0005427058528335153
Kunnamkullam,33,4832.0,33,151.0,0.000501118800093932
Kodaikanal,22,4677.0,22,212.5909090909091,0.00048504400414721026
Manjeri,17,4617.0,17,271.5882352941176,0.0004788215024904147
Nirmal,16,4617.0,16,288.5625,0.0004788215024904147
Dahanu,3,4611.0,3,1537.0,0.00047819925232473517
Kumarakom,32,4606.0,32,143.9375,0.00047768071052000223
"Tangra,Kolkata",15,4450.0,15,296.6666666666667,0.00046150220621233386
Kottakkal,19,4356.0,19,229.26315789473685,0.00045175362028335424
"North Dumdum,Kolkata",4,4196.0,4,1049.0,0.00043516028253189954
"Race Course Dehradun,Dehradun",3,4185.0,3,1395.0,0.00043401949056148705
Markapur,11,4120.0,11,374.54545454545456,0.0004272784470999586
Mandi-dabwali,14,4024.0,14,287.42857142857144,0.00041732244444908574
"Wanowrie,Pune",12,3919.0,12,326.5833333333333,0.0004064330665496936
Lalitpur,28,3708.0,28,132.42857142857142,0.0003845506023899627
Kadayanallur,12,3665.0,12,305.4166666666667,0.0003800911428692593
Kasaragod,6,3657.0,6,609.5,0.0003792614759816865
Bodinayakanur,5,3640.0,5,728.0,0.00037749843384559447
Karwar,12,3199.0,12,266.5833333333333,0.00033176304666814743
Koppal,13,3125.0,13,240.3846153846154,0.00032408862795809963
Kayamkulam,11,2611.0,11,237.36363636363637,0.0002707825304315514
Nipani,9,2148.0,9,238.66666666666666,0.00022276555931327938
Jalaun,11,2128.0,11,193.45454545454547,0.00022069139209434754
Kothagudem,10,1912.0,10,191.2,0.00019829038612988368
Lonavla,7,1842.0,7,263.14285714285717,0.00019103080086362224
"Jagadamba Junction,Vizag",2,1760.0,2,880.0,0.00018252671526600172
Kundapura,7,1523.0,7,217.57142857142858,0.00015794783372165944
Murshidabad,4,930.0,4,232.5,9.644877568033046e-05
Darjeeling,3,907.0,3,907.0,9.406348337855884e-05
Manali,1,861.0,1,861.0,8.92928987750156e-05
Hampi,1,583.0,1,583.0,6.046197443186307e-05
Boisar,2,417.0,2,208.5,4.324638651472882e-05
"Padmarao Nagar,Hyderabad",2,384.0,2,192.0,3.982401060349128e-05
Mandi-gobindgarh,3,347.0,3,115.66666666666667,3.5986801248467386e-05
Kumta,4,320.0,4,80.0,3.3186675502909404e-05
Mount-abu,2,305.0,2,152.5,3.1631050088710526e-05
"Starbucks_BKC,Mumbai",1,292.0,1,292.0,3.028284139640483e-05
"Mahim Dadar,Mumbai",1,273.0,1,273.0,2.8312382538419584e-05
Itanagar,2,167.0,2,83.5,1.7319296278080843e-05
"Noida Expressway,Delhi",1,88.0,1,88.0,9.126335763300086e-06
Naharlagun,1,79.0,1,79.0,8.192960514780758e-06
"BBK_Chattarpur,Delhi",1,0.0,1,,0.0
