cohort_month,0,1,2,3,4,5,6,7,8,9,10,11,12,13,14,15,16,17,18,19,20,21,22,23,24,25,26,27,28,29,30,31,32
2017-10,100.0,4.3788672060923375,4.164683484055211,4.569252736792004,4.688243693479296,4.997620180866255,5.021418372203713,5.2356020942408374,4.950023798191337,4.878629224178963,5.021418372203713,4.521656354117088,5.116611137553546,5.378391242265588,4.021894336030462,3.90290337934317,4.878629224178963,4.3550690147548785,4.164683484055211,5.2594002855782955,4.140885292717753,4.7834364588291285,4.04569252736792,4.164683484055211,4.33127082341742,3.4983341266063777,3.641123274631128,3.688719657306045,3.641123274631128,3.688719657306045,3.2841504045692527,3.236554021894336,2.9985721085197525
2017-11,100.0,4.724257616660239,5.0520632472040115,4.974932510605477,4.608561511762437,4.897801774006942,5.129193983802546,5.495564982645584,5.0520632472040115,5.129193983802546,4.704974932510606,5.032780563054377,5.2063247204010805,3.779406093328191,4.724257616660239,4.685692248360971,4.83995372155804,4.068646355572696,4.3000385653682995,4.3000385653682995,5.071345931353644,3.8758195140763596,4.107211723871964,4.261473197069032,3.952950250674894,3.1237948322406477,3.586579251831855,3.914384882375627,3.740840725028924,3.4708831469340535,3.4516004627844197,2.7381411492479755,
2017-12,100.0,4.828519855595668,4.648014440433213,5.347472924187725,4.512635379061372,5.144404332129964,5.347472924187725,5.6859205776173285,5.708483754512636,5.1669675090252705,5.0767148014440435,5.257220216606498,3.9711191335740073,4.918772563176895,4.512635379061372,4.5577617328519855,4.30956678700361,4.17418772563177,4.264440433212997,4.332129963898916,3.7680505415162457,3.7003610108303246,3.7003610108303246,3.790613718411552,3.15884476534296,4.377256317689531,3.564981949458484,3.7680505415162457,3.5198555956678703,4.0388086642599275,2.752707581227437,,
2018-01,100.0,4.81259702816589,5.034375693058328,5.034375693058328,5.455755156353959,5.455755156353959,5.433577289864715,5.211798624972277,4.746063428698159,4.701707695719672,4.701707695719672,4.302506098913284,4.701707695719672,4.280328232424041,4.834774894655134,4.014193834553116,4.8791306276336215,4.479929030827234,4.657351962741185,4.413395431359503,4.1694388999778225,4.635174096251941,3.836770902639166,3.3488578398758038,4.102905300510091,4.102905300510091,3.371035706365048,3.6371701042359725,3.836770902639166,2.5948103792415167,,,
2018-02,100.0,5.399353072903708,5.225180393132621,4.976362279173924,5.673052998258274,5.175416770340881,5.25006220452849,4.7524259766110974,4.951480467778055,5.175416770340881,3.9810898233391394,5.274944015924359,4.702662353819358,4.453844239860662,4.229907937297836,4.851953222194576,4.0308534461308785,4.926598656382184,4.2050261259019655,3.9810898233391394,4.57825329684001,3.6825080865887037,3.4585717840258776,4.254789748693705,4.180144314506096,3.3092809156506595,3.359044538442399,3.956208011943269,2.911171933316745,,,,
2018-03,100.0,5.159828844701737,5.562547193556506,4.882959979864083,5.18499874150516,5.285678328718852,4.78228039265039,4.78228039265039,4.580921218223005,3.699974830103197,4.429901837402467,4.354392146992198,3.9516737981374277,3.8006544173168892,5.059149257488045,4.278882456581928,4.757110495846967,3.64963503649635,3.9516737981374277,4.228542662975081,4.178202869368235,3.297256481248427,3.64963503649635,3.750314623710043,3.4482758620689653,3.8509942109237354,3.045557513214196,2.668009061162849,,,,,
2018-04,100.0,5.0326441784548415,5.00544069640914,5.2502720348204575,4.951033732317737,4.6789989118607185,5.495103373231774,4.787812840043525,4.570184983677911,5.27747551686616,4.815016322089227,4.134929270946682,4.4069640914037,4.080522306855277,4.053318824809575,5.114254624591948,4.216539717083786,4.27094668117519,4.080522306855277,3.944504896626768,3.618063112078346,3.808487486398259,4.325353645266594,3.0195865070729053,3.373231773667029,3.8900979325353644,2.774755168661589,,,,,,
2018-05,100.0,5.24699972090427,5.191180574937204,5.107451855986604,5.33072843985487,5.609824169690204,4.381802958414736,3.7119732068099354,4.74462740720067,5.051632710019536,5.191180574937204,4.772536980184204,4.409712531398269,4.2701646664806026,4.939994418085403,3.7957019257605356,4.130616801562937,4.493441250348869,4.018978509628803,3.7957019257605356,4.018978509628803,4.102707228579402,3.8236114987440692,3.265420039073402,2.9863243092380687,2.4839519955344684,,,,,,,
2018-06,100.0,5.189069831631245,5.271874137455148,4.361026773392217,5.244272702180513,4.526635385040022,4.554236820314657,4.637041126138559,4.140215291195142,4.4162296439414845,4.333425338117582,5.078664090532707,4.388628208666851,5.0510626552580735,3.7261937620756282,4.0850124206458736,4.029809550096605,4.361026773392217,3.1741650565829422,3.5605851504278223,3.6157880209770905,3.6157880209770905,3.836599503174165,3.256969362406845,2.953353574385868,,,,,,,,
2018-07,100.0,4.6434991012582385,4.164170161773518,5.272618334331936,4.7633313361294185,4.823247453565009,4.7633313361294185,4.343918514080287,4.613541042540444,4.733373277411624,3.7147992810065906,4.433792690233672,4.463750748951468,4.044337926902337,3.7747153984421806,4.104254044337926,4.553624925104853,3.41521869382864,3.894547633313361,3.7147992810065906,3.3553025763930497,3.59496704613541,3.654883163571001,2.5464349910125823,,,,,,,,,
2018-08,100.0,4.274322169059011,4.912280701754386,4.976076555023924,4.274322169059011,5.103668261562999,4.4657097288676235,4.401913875598086,4.242424242424243,5.231259968102074,4.30622009569378,5.231259968102074,3.732057416267943,4.114832535885168,4.370015948963317,3.7001594896331738,3.125996810207336,4.2105263157894735,4.146730462519936,3.7639553429027113,2.8708133971291865,3.6363636363636362,2.6794258373205744,,,,,,,,,,
2018-09,100.0,5.05388331475288,4.3478260869565215,4.162021553325901,4.533630620587142,4.162021553325901,4.42214790040877,4.570791527313267,3.9390561129691566,3.827573392790784,5.2396878483835,4.124860646599777,4.868078781122259,4.199182460052025,3.5674470457079153,3.753251579338536,3.864734299516908,4.570791527313267,3.455964325529543,3.0100334448160537,3.1586770717205495,2.7127461910070605,,,,,,,,,,,
2018-10,100.0,4.713804713804714,4.414515525626637,4.451926674148896,3.9655817433595213,4.788627010849233,4.489337822671156,4.1526374859708195,4.938271604938271,5.200149644594089,3.853348297792742,4.339693228582117,4.713804713804714,4.040404040404041,3.5166479610924055,4.040404040404041,3.179947624392069,4.227459783015338,3.8159371492704826,3.7411148522259636,2.8058361391694726,,,,,,,,,,,,
2018-11,100.0,4.498125780924615,3.8317367763431904,4.6230737192836315,3.9150354019158686,4.039983340274885,4.664723032069971,3.6651395251978345,4.24822990420658,3.998334027488547,3.040399833402749,4.123281965847563,4.039983340274885,3.206997084548105,3.5818408996251563,3.082049146189088,3.540191586838817,3.082049146189088,3.4568929612661394,2.7905039566847147,,,,,,,,,,,,,
2018-12,100.0,5.105973025048169,4.5761078998073215,4.720616570327553,4.335260115606936,5.443159922928709,4.094412331406551,5.154142581888246,3.6608863198458574,3.5163776493256265,3.94990366088632,3.94990366088632,3.371868978805395,3.7572254335260116,3.7572254335260116,3.420038535645472,3.4682080924855487,3.275529865125241,2.4566473988439306,,,,,,,,,,,,,,
2019-01,100.0,3.9575289575289574,4.874517374517374,4.440154440154441,4.198841698841699,4.247104247104247,4.584942084942085,4.247104247104247,3.7644787644787647,4.391891891891892,4.198841698841699,3.474903474903475,3.667953667953668,2.9922779922779923,3.7644787644787647,3.3783783783783785,3.523166023166023,2.364864864864865,,,,,,,,,,,,,,,
2019-02,100.0,5.200594353640416,3.96235760277365,4.457652303120357,4.3090638930163445,4.606240713224369,4.110946012877662,3.7642397226349678,4.160475482912332,4.110946012877662,3.0708271421495787,4.110946012877662,4.011887072808321,3.7147102526002973,4.061416542842991,3.0212976721149083,2.426944031698861,,,,,,,,,,,,,,,,
2019-03,100.0,4.467532467532467,5.194805194805195,4.0,4.987012987012987,3.9480519480519485,4.675324675324675,4.0,4.103896103896104,3.324675324675325,3.792207792207792,4.415584415584416,3.168831168831169,3.6363636363636362,3.116883116883117,3.0649350649350646,,,,,,,,,,,,,,,,,
2019-04,100.0,4.769828064337216,4.048807542983916,6.156405990016639,3.494176372712146,3.6605657237936775,3.882418191902385,3.105934553521908,3.6605657237936775,4.437049362174155,3.826955074875208,3.7160288408208544,3.1613976705490847,3.7714919578480313,2.939545202440377,,,,,,,,,,,,,,,,,,
2019-05,100.0,4.743519029233315,5.350248207391065,4.743519029233315,4.467733039161611,4.081632653061225,3.9713182570325425,3.3645890788747934,4.081632653061225,3.6403750689464975,2.7027027027027026,2.647545504688362,3.1439602868174292,2.7578599007170435,,,,,,,,,,,,,,,,,,,
2019-06,100.0,4.345127250155183,5.027932960893855,4.2209807572936064,4.779639975170701,3.4761018001241464,2.6691495965238983,3.8485412787088764,4.4692737430167595,3.414028553693358,3.2278088144009933,3.4761018001241464,2.8553693358162633,,,,,,,,,,,,,,,,,,,,
2019-07,100.0,3.8300418910831837,3.8300418910831837,3.4111310592459607,4.129263913824058,2.9323758228605628,3.8300418910831837,4.548174745661281,3.7701974865350087,3.1119090365050868,3.53081986834231,3.4111310592459607,,,,,,,,,,,,,,,,,,,,,
2019-08,100.0,3.9056742815033165,3.831982313927782,2.6529108327192334,2.9476787030213707,4.3478260869565215,4.274134119380987,3.0213706705969052,3.316138540899042,3.6845983787767134,2.726602800294768,,,,,,,,,,,,,,,,,,,,,,
2019-09,100.0,4.890895410082769,3.9879608728367195,2.784048156508653,3.7622272385252074,4.815650865312264,3.0850263355906695,3.6869826937547026,3.6869826937547026,2.18209179834462,,,,,,,,,,,,,,,,,,,,,,,
2019-10,100.0,3.230890464933018,3.546099290780142,3.6249014972419227,4.334121355397951,3.467297084318361,4.649330181245075,2.8368794326241136,3.0732860520094563,,,,,,,,,,,,,,,,,,,,,,,,
2019-11,100.0,3.163444639718805,3.5149384885764503,3.6028119507908607,2.724077328646749,3.8664323374340945,3.3391915641476277,1.7574692442882252,,,,,,,,,,,,,,,,,,,,,,,,,
2019-12,100.0,3.604531410916581,3.192584963954686,2.5746652935118437,3.604531410916581,3.810504634397528,2.677651905252317,,,,,,,,,,,,,,,,,,,,,,,,,,
2020-01,100.0,3.0275229357798166,3.9449541284403673,3.853211009174312,3.302752293577982,3.577981651376147,,,,,,,,,,,,,,,,,,,,,,,,,,,
2020-02,100.0,4.541326067211625,3.8147138964577656,4.813805631244324,3.088101725703906,,,,,,,,,,,,,,,,,,,,,,,,,,,,
2020-03,100.0,4.994450610432852,3.4406215316315207,2.4417314095449503,,,,,,,,,,,,,,,,,,,,,,,,,,,,,
2020-04,100.0,3.791982665222102,3.5752979414951245,,,,,,,,,,,,,,,,,,,,,,,,,,,,,,
2020-05,100.0,2.406738868832732,,,,,,,,,,,,,,,,,,,,,,,,,,,,,,,
2020-06,100.0,,,,,,,,,,,,,,,,,,,,,,,,,,,,,,,,
